{"0": 0.7493326488706366, "1": 1.159228081321474, "2": 0.8667022918893243, "3": 0.6281521645580515, "4": 1.4750404203718674, "5": 2.637694253704373}