{"0": 0.7482749197239872, "1": 1.1597310461668784, "2": 0.867078335906266, "3": 0.6284247066586338, "4": 1.475382232100761, "5": 2.638838694133237}